{
    "01substring open circuit": {
        "precision": 0.9830508474576272,
        "recall": 0.9666666666666667,
        "f1-score": 0.9747899159663865,
        "support": 60.0
    },
    "02short circuit panel": {
        "precision": 0.9347826086956522,
        "recall": 1.0,
        "f1-score": 0.9662921348314607,
        "support": 43.0
    },
    "03string short circuit": {
        "precision": 0.6666666666666666,
        "recall": 0.5714285714285714,
        "f1-score": 0.6153846153846154,
        "support": 7.0
    },
    "04debris cover": {
        "precision": 0.9024390243902439,
        "recall": 0.9024390243902439,
        "f1-score": 0.9024390243902439,
        "support": 41.0
    },
    "05shadow": {
        "precision": 1.0,
        "recall": 0.8,
        "f1-score": 0.8888888888888888,
        "support": 30.0
    },
    "06bottom dirt": {
        "precision": 0.9629629629629629,
        "recall": 0.7027027027027027,
        "f1-score": 0.8125,
        "support": 37.0
    },
    "07panel break": {
        "precision": 0.8571428571428571,
        "recall": 0.9230769230769231,
        "f1-score": 0.8888888888888888,
        "support": 13.0
    },
    "08junction box overheating": {
        "precision": 0.975,
        "recall": 0.975,
        "f1-score": 0.975,
        "support": 80.0
    },
    "09hot cell": {
        "precision": 0.9247311827956989,
        "recall": 0.9052631578947369,
        "f1-score": 0.9148936170212766,
        "support": 95.0
    },
    "10healthy panel": {
        "precision": 0.8809523809523809,
        "recall": 0.9736842105263158,
        "f1-score": 0.925,
        "support": 152.0
    },
    "accuracy": 0.9247311827956989,
    "macro avg": {
        "precision": 0.9087728531064091,
        "recall": 0.8720261256686161,
        "f1-score": 0.8864077085371761,
        "support": 558.0
    },
    "weighted avg": {
        "precision": 0.927190108836698,
        "recall": 0.9247311827956989,
        "f1-score": 0.9231993994671537,
        "support": 558.0
    }
}