{
    "01substring open circuit": {
        "precision": 1.0,
        "recall": 0.9333333333333333,
        "f1-score": 0.9655172413793104,
        "support": 60.0
    },
    "02short circuit panel": {
        "precision": 0.9772727272727273,
        "recall": 1.0,
        "f1-score": 0.9885057471264368,
        "support": 43.0
    },
    "03string short circuit": {
        "precision": 0.8,
        "recall": 0.5714285714285714,
        "f1-score": 0.6666666666666666,
        "support": 7.0
    },
    "04debris cover": {
        "precision": 0.7714285714285715,
        "recall": 0.6585365853658537,
        "f1-score": 0.7105263157894737,
        "support": 41.0
    },
    "05shadow": {
        "precision": 0.84375,
        "recall": 0.9,
        "f1-score": 0.8709677419354839,
        "support": 30.0
    },
    "06bottom dirt": {
        "precision": 0.7435897435897436,
        "recall": 0.7837837837837838,
        "f1-score": 0.7631578947368421,
        "support": 37.0
    },
    "07panel break": {
        "precision": 1.0,
        "recall": 0.7692307692307693,
        "f1-score": 0.8695652173913043,
        "support": 13.0
    },
    "08junction box overheating": {
        "precision": 1.0,
        "recall": 0.9375,
        "f1-score": 0.967741935483871,
        "support": 80.0
    },
    "09hot cell": {
        "precision": 0.8709677419354839,
        "recall": 0.8526315789473684,
        "f1-score": 0.8617021276595744,
        "support": 95.0
    },
    "10healthy panel": {
        "precision": 0.8402366863905325,
        "recall": 0.9342105263157895,
        "f1-score": 0.8847352024922118,
        "support": 152.0
    },
    "accuracy": 0.8853046594982079,
    "macro avg": {
        "precision": 0.8847245470617059,
        "recall": 0.8340655148405469,
        "f1-score": 0.8549086090661175,
        "support": 558.0
    },
    "weighted avg": {
        "precision": 0.888054715106364,
        "recall": 0.8853046594982079,
        "f1-score": 0.8847061956233523,
        "support": 558.0
    }
}