{
  "scheduler_type": "cosine",
  "initial_lr": 0.0005,
  "max_epochs": 35,
  "lr_schedule": [
    0.0005,
    0.0004990036377638217,
    0.0004960225731781609,
    0.0004910808080222236,
    0.000484218130483335,
    0.00047548979480584874,
    0.0004649660764164619,
    0.0004527317061077995,
    0.0004388851878358937,
    0.00042353800562424906,
    0.00040681372596003656,
    0.0003888470029093954,
    0.0003697824939620672,
    0.0003497736953343461,
    0.0003289817061077995,
    0.00030757393115418783,
    0.00028572273328986977,
    0.0002636040455117525,
    0.00024139595448824765,
    0.00021927726671013036,
    0.00019742606884581222,
    0.00017601829389220054,
    0.00015522630466565393,
    0.00013521750603793286,
    0.00011615299709060464,
    9.818627403996346e-05,
    8.146199437575102e-05,
    6.611481216410631e-05,
    5.2268293892200535e-05,
    4.003392358353814e-05,
    2.951020519415129e-05,
    2.0781869516665043e-05,
    1.3919191977776324e-05,
    8.977426821839158e-06,
    5.996362236178331e-06
  ],
  "statistics": {
    "min_lr": 5.996362236178331e-06,
    "max_lr": 0.0005,
    "final_lr": 5.996362236178331e-06,
    "lr_range": 0.0004940036377638217,
    "decay_ratio": 0.01199272447235666
  }
}