{
    "01substring open circuit": {
        "precision": 1.0,
        "recall": 0.95,
        "f1-score": 0.9743589743589743,
        "support": 60.0
    },
    "02short circuit panel": {
        "precision": 0.9767441860465116,
        "recall": 0.9767441860465116,
        "f1-score": 0.9767441860465116,
        "support": 43.0
    },
    "03string short circuit": {
        "precision": 1.0,
        "recall": 0.42857142857142855,
        "f1-score": 0.6,
        "support": 7.0
    },
    "04debris cover": {
        "precision": 0.9705882352941176,
        "recall": 0.8048780487804879,
        "f1-score": 0.88,
        "support": 41.0
    },
    "05shadow": {
        "precision": 0.8387096774193549,
        "recall": 0.8666666666666667,
        "f1-score": 0.8524590163934426,
        "support": 30.0
    },
    "06bottom dirt": {
        "precision": 0.8108108108108109,
        "recall": 0.8108108108108109,
        "f1-score": 0.8108108108108109,
        "support": 37.0
    },
    "07panel break": {
        "precision": 0.9166666666666666,
        "recall": 0.8461538461538461,
        "f1-score": 0.88,
        "support": 13.0
    },
    "08junction box overheating": {
        "precision": 0.9876543209876543,
        "recall": 1.0,
        "f1-score": 0.9937888198757764,
        "support": 80.0
    },
    "09hot cell": {
        "precision": 0.9157894736842105,
        "recall": 0.9157894736842105,
        "f1-score": 0.9157894736842105,
        "support": 95.0
    },
    "10healthy panel": {
        "precision": 0.9030303030303031,
        "recall": 0.9802631578947368,
        "f1-score": 0.9400630914826499,
        "support": 152.0
    },
    "accuracy": 0.9283154121863799,
    "macro avg": {
        "precision": 0.9319993673939629,
        "recall": 0.8579877618608698,
        "f1-score": 0.8824014372652375,
        "support": 558.0
    },
    "weighted avg": {
        "precision": 0.9303674307812267,
        "recall": 0.9283154121863799,
        "f1-score": 0.92678853843865,
        "support": 558.0
    }
}