{
    "training_metrics": {
        "total_training_time_s": 887.7863140106201,
        "final_epoch": 35,
        "best_epoch": 18,
        "best_val_loss": 0.6562329227351801,
        "best_val_accuracy_percent": 93.38235294117648,
        "final_val_loss": 0.6734984271415245,
        "final_val_accuracy_percent": 93.38235294117648,
        "final_train_loss": 0.5465400609472207,
        "final_train_accuracy_percent": 98.33633093525181,
        "test_loss": 0.339553658893886,
        "test_accuracy_percent": 92.831541218638,
        "final_model_test_loss": 0.33648581893640606,
        "final_model_test_accuracy_percent": 92.831541218638,
        "initial_lr": 0.0005,
        "final_lr": 0.00015209199834443268
    },
    "system_metrics": {
        "cpu": {
            "mean": 15.950543478260867,
            "max": 100.0,
            "min": 0.0,
            "std": 23.546773519590584
        },
        "ram": {
            "mean": 83.81032608695651,
            "max": 88.8,
            "min": 79.4,
            "std": 2.201642643221171
        },
        "gpu": {
            "usage_mean": 68.04891304347827,
            "usage_max": 75.0,
            "usage_min": 3.0,
            "usage_std": 7.276211905111803,
            "memory_mean": 39.93648031483526,
            "memory_max": 40.03944396972656,
            "memory_min": 21.094131469726562,
            "memory_std": 1.3928665061050682
        }
    },
    "dataset_metrics": {
        "train_samples": 4463,
        "val_samples": 558,
        "test_samples": 558,
        "num_classes": 10
    },
    "training_parameters": {
        "batch_size": 32,
        "num_epochs": 35,
        "optimizer": "AdamW",
        "criterion": "CrossEntropyLoss",
        "scheduler": "CosineAnnealingLR",
        "scheduler_type": "cosine"
    },
    "learning_rates": [
        0.0005,
        0.000498994579925311,
        0.0004959864147525077,
        0.0004909997244587894,
        0.00048407465894227447,
        0.0004752669747586293,
        0.00046464758620206616,
        0.00045230199434514323,
        0.000438329598634402,
        0.0004228428965844696,
        0.0004059665780142188,
        0.0003878365211176627,
        0.00036859869845263154,
        0.00034840800165556753,
        0.0003274269943451432,
        0.0003058246032555896,
        0.00028377475813795957,
        0.0002614549913800412,
        0.00023904500861995898,
        0.00021672524186204062,
        0.00019467539674441055,
        0.00017307300565485694,
        0.00015209199834443268
    ],
    "model_metrics_best": {
        "model_size_mb": 99.92794799804688,
        "total_parameters_m": 24.694282,
        "inference_time_ms": 13.843257427215576,
        "inference_fps": 72.23733324744936,
        "inference_std_dev_ms": 12.791115266125328,
        "allocated_memory_mb": 1096.2353515625,
        "reserved_memory_mb": 1260.0,
        "max_allocated_mb": 1146.23876953125,
        "max_reserved_mb": 1260.0,
        "flops": 4112094208,
        "gigaflops": 4.112094208
    },
    "model_metrics_final": {
        "model_size_mb": 99.92794799804688,
        "total_parameters_m": 24.694282,
        "inference_time_ms": 12.615861892700195,
        "inference_fps": 79.2652938423986,
        "inference_std_dev_ms": 3.4454590954577666,
        "allocated_memory_mb": 1096.2353515625,
        "reserved_memory_mb": 1260.0,
        "max_allocated_mb": 1146.23876953125,
        "max_reserved_mb": 1260.0,
        "flops": 4112094208,
        "gigaflops": 4.112094208
    }
}